K,fold,rseed,eta,auc_train,auc_test,auc_cond_train,auc_cond_test,opt_func_train,opt_func_test,max_it
3,0,623,0.34450780895354066,0.73579554615372,0.6431945844667799,0.8644218074971785,0.7730120616013922,-18834.943814882015,-3438.7074711196847,1000
3,1,623,0.3496955034810836,0.7068020906669429,0.6064552647462277,0.8603467250383027,0.7346083605722125,-18875.0841499074,-3450.0159393548925,651
3,2,623,0.3599626759523616,0.7060443555712482,0.5882220201581183,0.8601275193403886,0.7160831779727252,-18777.639870169412,-3480.2666858760167,471
3,3,623,0.3563177533646485,0.7075971579912866,0.5894315546709135,0.8606252282500245,0.7323982487677163,-18725.337471532228,-3544.5603381565797,521
3,4,623,0.35199272216813915,0.7318003889886466,0.6443310638258603,0.8652651477633806,0.7729327863576432,-19055.316878897363,-3327.6275534005563,1000

